Name,Program,Headline,Location,Bio,Experience Count,Education Count,Profile URL
Elrich Chen,Waterloo Student,CS @ UWaterloo | AI automations for DoneMaker | Aspiring Backend Engineer 💻☁️,He/Him,"📨 eklchen@uwaterloo.ca for connecting with me (or send a connection req) :)

My story: 🌎

I’m one who identifies strongly with change. To keep it short, I grew up in India for 18 years before moving b...",10,5,https://www.linkedin.com/in/elrich-chen/
Muhib Waqar,Waterloo Student,"prev. swe intern @ ibs | hons. math & ba @ uwaterloo | aws ccp, az-900, ccna1 , ccst - cybersecurity",He/Him,"muhib[dot]waqar[at]uwaterloo[dot]ca 
math & business administration @ university of waterloo

I'm passionate about solving problems, helping people, and learning new things. If I don't know something,...",6,5,https://www.linkedin.com/in/muhibwaqar
