url,scraped_at,name,headline,location,bio,experience,education
https://www.linkedin.com/in/skyyang/,2025-11-09T11:44:19.931104,Sky Yang,Co-Founder @ Imagine AI (YC F25) | AI Agent for B2B Content | Ex UCSD Student Body President,"2nd degree connection
2nd","Building Imagine AI to turn 10 hours of content work into 30 minutes – because your time is worth more than wrestling with inadequate solutions. 🚀

If you're curious or drowning in content work, shoot me a DM – I actually read them all.

I’ve led 32,000+ students as youngest student body president, scaled a non-profit to 53 cities, and helped secure $150M in funding.
Building Imagine AI to turn 10 hours of content work into 30 minutes – because your time is worth more than wrestling with inadequate solutions. 🚀 If you're curious or drowning in content work, shoot me a DM – I actually read them all. I’ve led 32,000+ students as youngest student body president, scaled a non-profit to 53 cities, and helped secure $150M in funding.
…see more","[{""title"": ""Chief Executive Officer"", ""company"": ""Chief Executive Officer"", ""location"": ""Imagine AI \u00b7 Full-time""}, {""title"": ""AI B2B Content Partner\u00a0that plans, writes, publishes, and repurposes thought-leadership."", ""company"": ""Y Combinator, Foundation Capital, Cal Build, Founders Inc. Off Season'25 , Mindworks Capital"", ""location"": ""\u2026see more""}, {""title"": ""AI B2B Content Partner\u00a0that plans, writes, publishes, and repurposes thought-leadership."", ""company"": ""Y Combinator, Foundation Capital, Cal Build, Founders Inc. Off Season'25 , Mindworks Capital"", ""location"": ""\u2026see more""}, {""title"": ""Build Accelerator Founder"", ""company"": ""Build Accelerator Founder"", ""location"": ""Foundation Capital""}, {""title"": ""Founder @"", ""company"": ""Founder @"", ""location"": ""Founders, Inc. \u00b7 Full-time""}, {""title"": ""Founders, Inc Off Season (2.5% acceptance rate), a VC backing the next generation of builders in AI, AR VR, B2B, and frontier tech."", ""company"": ""Founders, Inc Off Season (2.5% acceptance rate), a VC backing the next generation of builders in AI, AR VR, B2B, and frontier tech.""}, {""title"": ""Founders, Inc Off Season (2.5% acceptance rate), a VC backing the next generation of builders in AI, AR VR, B2B, and frontier tech."", ""company"": ""Founders, Inc Off Season (2.5% acceptance rate), a VC backing the next generation of builders in AI, AR VR, B2B, and frontier tech.""}, {""title"": ""Finance Project | Financial Operations, Account Receivable"", ""company"": ""Finance Project | Financial Operations, Account Receivable"", ""location"": ""UC San Diego""}, {""title"": ""Ensuring compliance of annual revenues of $7.8B and optimizing non-student receivables management through Oracle Financials Cloud"", ""company"": ""- Developed a Python program that automated daily report consolidation, boosting process efficiency by 63%.""}, {""title"": ""Ensuring compliance of annual revenues of $7.8B and optimizing non-student receivables management through Oracle Financials Cloud"", ""company"": ""- Developed a Python program that automated daily report consolidation, boosting process efficiency by 63%.""}]","[{""school"": ""Y Combinator"", ""degree"": ""Y Combinator"", ""dates"": ""F25""}, {""school"": ""UC San Diego School of Global Policy and Strategy (GPS)"", ""degree"": ""UC San Diego School of Global Policy and Strategy (GPS)""}, {""school"": ""Dropped out after 1 year to do startup stuff"", ""degree"": ""Dropped out after 1 year to do startup stuff""}, {""school"": ""Dropped out after 1 year to do startup stuff"", ""degree"": ""Dropped out after 1 year to do startup stuff""}]"
https://www.linkedin.com/in/sergiorestrepoarango/,2025-11-09T11:46:19.844347,Sergio Restrepo,"Chief Experience Office, Chief Customer Officer",Grupo Irex,"With a strong background in multi-country and multicultural marketing, I have built a solid foundation for driving development strategies and integrating creative digital solutions to achieve business growth. Whether managing existing accounts or expanding into new market territories, I understand the challenges and importance of collaboration required to execute successful growth marketing initiatives. My current focus is on developing integrated customer data platforms to achieve successful omnichannel marketing capabilities.

I am also an invited professor in digital marketing and digital transformation at top business schools such as ESADE Business School in Spain, Georgetown University and Boston University in the United States, and INCAE Business School in Costa Rica.

Some of my key accomplishments include:

- Creating the POINTS methodology for strategic Go-to-Market efforts.
- Successfully designing and implementing CDP/CRM rollouts using a wide range of tools, including Salesforce, Hubspot, Oracle, and Salesmanago.
-Spearheading the creation of multicultural marketing innovation opportunities for global brands such as Microsoft, Nestlé, 3M, Starbucks, Chrysler, Porsche, Apple, and Google at Lionbridge.
- Founding diverse startups that were later acquired by global and local organizations.
- Attaining the ""Great Place to Work"" award for two consecutive years and recognition in Forbes as one of the ""Top 30 Talent Development Companies"" by focusing on technical capabilities and culture at Lionbridge's Costa Rica site.
- Launching full-service digital agencies from concept to creation and growing them to over 200 employees. I positioned these organizations as digital powerhouses, designing and executing innovative Digital Marketing Performance strategies.
With a strong background in multi-country and multicultural marketing, I have built a solid foundation for driving development strategies and integrating creative digital solutions to achieve business growth. Whether managing existing accounts or expanding into new market territories, I understand the challenges and importance of collaboration required to execute successful growth marketing initiatives. My current focus is on developing integrated customer data platforms to achieve successful omnichannel marketing capabilities. I am also an invited professor in digital marketing and digital transformation at top business schools such as ESADE Business School in Spain, Georgetown University and Boston University in the United States, and INCAE Business School in Costa Rica. Some of my key accomplishments include: - Creating the POINTS methodology for strategic Go-to-Market efforts. - Successfully designing and implementing CDP/CRM rollouts using a wide range of tools, including Salesforce, Hubspot, Oracle, and Salesmanago. -Spearheading the creation of multicultural marketing innovation opportunities for global brands such as Microsoft, Nestlé, 3M, Starbucks, Chrysler, Porsche, Apple, and Google at Lionbridge. - Founding diverse startups that were later acquired by global and local organizations. - Attaining the ""Great Place to Work"" award for two consecutive years and recognition in Forbes as one of the ""Top 30 Talent Development Companies"" by focusing on technical capabilities and culture at Lionbridge's Costa Rica site. - Launching full-service digital agencies from concept to creation and growing them to over 200 employees. I positioned these organizations as digital powerhouses, designing and executing innovative Digital Marketing Performance strategies.
…see more","[{""title"": ""Member Board of Directors"", ""company"": ""Member Board of Directors"", ""location"": ""Grupo Irex \u00b7 Part-time""}, {""title"": ""Board Director Grupo Irex"", ""company"": ""Board Director Grupo Irex""}, {""title"": ""Board Director Grupo Irex"", ""company"": ""Board Director Grupo Irex""}, {""title"": ""IE Business School"", ""company"": ""IE Business School"", ""dates"": ""3 yrs 11 mos"", ""location"": ""3 yrs 11 mos""}, {""title"": ""Faculty Member"", ""company"": ""Faculty Member"", ""location"": ""Part-time""}]","[{""school"": ""IE Business School"", ""degree"": ""IE Business School""}, {""school"": ""Grade: Doctorate"", ""degree"": ""Grade: Doctorate""}, {""school"": ""Customer Experience, CRM and +2 skills""}, {""school"": ""Customer Experience, CRM and +2 skills""}]"
https://www.linkedin.com/in/muskan-rathod-9097a0202/,2025-11-09T11:47:36.373858,Muskan Rathod,"Architecting precision-led, full-stack marketing systems for visionary Leaders || 40+ global brands scaled with Clarity and Control || Built a 7-figure agency in 12 months using our Proprietary “A.C.E. Framework”",She/Her,"Most agencies sell marketing.
We sell ""Precision.""

At Maverick Digitals, we engineer full-stack digital growth systems that multiply clarity, conversion, and control across every touchpoint your audience experiences. 

We scaled 40+ brands across India, UAE, USA, UK, and beyond — generating $10M+ in measurable growth. 

And within 12 months, we built a 7-figure agency and grew a 23,000+ personal brand — without paid ads, without a huge team, without noise.

To prove our Proprietary A.C.E framework, we applied it to ourselves first:

1] 0 → 23K followers in 6 months
2] Inbound pipeline that stays full
3] High-ticket clients acquired profitably
4] Strategy that performs under pressure

Because when done right:
Branding drives desire. Ads capture demand.

⚙️ The A.C.E. Growth Framework
Attention. Conversion. Execution.

A — Attention that creates authority
• Personal Branding for Founders &CXOs
• Thought Leadership Systems
• Online Reputation & Influence Strategy

C — Conversion that compounds profit
• Brand Strategy &Category Positioning
• Performance Marketing & Demand Gen
• Funnels engineered to close more profitably

E — Execution that scales with control
• High-Performance Web & App Development
• Automation, Analytics &AI Integration
• Long-Term Growth Management

Each pillar strengthens the next — so scaling becomes predictable, not experimental.

We partner with founders, CMOs, and CEOs leading at the top —
builders obsessed with influence, leverage, and category control.

Because at this level…
Growth is not vanity.
Growth is market dominance and reputation equity.

We don’t chase trends.
We engineer ecosystems that:

✅ Attract higher-value clients
✅ Expand pricing power & perception
✅ Accelerate revenue globally

Clarity creates speed.
Precision creates legacy.

If you’re building something iconic — let’s talk.
→ DM “A.C.E.” to start the conversation

Sponsorships & Partnerships: maverickdigitals18@gmail.com

See you on the feed ❤️

We don’t pitch.
We partner.
And execution speaks louder than promises.
Most agencies sell marketing. We sell ""Precision."" At Maverick Digitals, we engineer full-stack digital growth systems that multiply clarity, conversion, and control across every touchpoint your audience experiences. We scaled 40+ brands across India, UAE, USA, UK, and beyond — generating $10M+ in measurable growth. And within 12 months, we built a 7-figure agency and grew a 23,000+ personal brand — without paid ads, without a huge team, without noise. To prove our Proprietary A.C.E framework, we applied it to ourselves first: 1] 0 → 23K followers in 6 months 2] Inbound pipeline that stays full 3] High-ticket clients acquired profitably 4] Strategy that performs under pressure Because when done right: Branding drives desire. Ads capture demand. ⚙️ The A.C.E. Growth Framework Attention. Conversion. Execution. A — Attention that creates authority • Personal Branding for Founders &CXOs • Thought Leadership Systems • Online Reputation & Influence Strategy C — Conversion that compounds profit • Brand Strategy &Category Positioning • Performance Marketing & Demand Gen • Funnels engineered to close more profitably E — Execution that scales with control • High-Performance Web & App Development • Automation, Analytics &AI Integration • Long-Term Growth Management Each pillar strengthens the next — so scaling becomes predictable, not experimental. We partner with founders, CMOs, and CEOs leading at the top — builders obsessed with influence, leverage, and category control. Because at this level… Growth is not vanity. Growth is market dominance and reputation equity. We don’t chase trends. We engineer ecosystems that: ✅ Attract higher-value clients ✅ Expand pricing power & perception ✅ Accelerate revenue globally Clarity creates speed. Precision creates legacy. If you’re building something iconic — let’s talk. → DM “A.C.E.” to start the conversation Sponsorships & Partnerships: maverickdigitals18@gmail.com See you on the feed ❤️ We don’t pitch. We partner. And execution speaks louder than promises.
…see more","[{""title"": ""Founder"", ""company"": ""Founder"", ""location"": ""Maverick Digitals \u00b7 Full-time""}, {""title"": ""At Maverick Digitals, we engineer precision-led revenue ecosystems for founders and leaders who want predictable scale, stronger pricing power, and long-term market authority."", ""company"": ""Our advantage:"", ""location"": ""A \u2014 Authority Engine""}, {""title"": ""At Maverick Digitals, we engineer precision-led revenue ecosystems for founders and leaders who want predictable scale, stronger pricing power, and long-term market authority."", ""company"": ""Our advantage:"", ""location"": ""A \u2014 Authority Engine""}, {""title"": ""Founder"", ""company"": ""Founder"", ""location"": ""ArtNest \u00b7 Self-employed""}]","[{""school"": ""SVKM's Narsee Monjee Institute of Management Studies (NMIMS)"", ""degree"": ""SVKM's Narsee Monjee Institute of Management Studies (NMIMS)""}, {""school"": ""IIDE - The Digital School"", ""degree"": ""IIDE - The Digital School"", ""dates"": ""Dec 2020 - Jan 2021""}, {""school"": ""Digital Marketing""}, {""school"": ""Digital Marketing""}]"
